<?xml version="1.0"?>
<ArrayOfVersionSettingXML xmlns:xsi="http://www.w3.org/2001/XMLSchema-instance" xmlns:xsd="http://www.w3.org/2001/XMLSchema">
  <VersionSettingXML>
    <GameVersion>1.0.4.0</GameVersion>
    <PatchInformations>
      <PatchInformationXML>
        <kind>築城即完了</kind>
        <Offset>00092D5D</Offset>
        <DefaultValue>8C</DefaultValue>
        <PatchValue>8D</PatchValue>
      </PatchInformationXML>
      <PatchInformationXML>
        <kind>築城場所制限</kind>
        <Offset>000EF2FE</Offset>
        <DefaultValue>3F</DefaultValue>
        <PatchValue>00</PatchValue>
      </PatchInformationXML>
      <PatchInformationXML>
        <kind>城数制限</kind>
        <Offset>0019D057</Offset>
        <DefaultValue>75</DefaultValue>
        <PatchValue>00</PatchValue>
      </PatchInformationXML>
      <PatchInformationXML>
        <kind>プレイ記録</kind>
        <Offset>004EB597</Offset>
        <DefaultValue>77</DefaultValue>
        <PatchValue>EB</PatchValue>
      </PatchInformationXML>
      <PatchInformationXML>
        <kind>朝廷信用</kind>
        <Offset>00582958</Offset>
        <DefaultValue>11</DefaultValue>
        <PatchValue>00</PatchValue>
      </PatchInformationXML>
      <PatchInformationXML>
        <kind>真田丸</kind>
        <Offset>00621AC0</Offset>
        <DefaultValue>74</DefaultValue>
        <PatchValue>EB</PatchValue>
      </PatchInformationXML>
    </PatchInformations>
  </VersionSettingXML>

  <VersionSettingXML>
    <GameVersion>1.0.4.1</GameVersion>
    <PatchInformations>
      <PatchInformationXML>
        <kind>築城即完了</kind>
        <Offset>00092D5D</Offset>
        <DefaultValue>8C</DefaultValue>
        <PatchValue>8D</PatchValue>
      </PatchInformationXML>
      <PatchInformationXML>
        <kind>築城場所制限</kind>
        <Offset>000EF2FE</Offset>
        <DefaultValue>3F</DefaultValue>
        <PatchValue>00</PatchValue>
      </PatchInformationXML>
      <PatchInformationXML>
        <kind>城数制限</kind>
        <Offset>0019D057</Offset>
        <DefaultValue>75</DefaultValue>
        <PatchValue>00</PatchValue>
      </PatchInformationXML>
    </PatchInformations>
  </VersionSettingXML>

  <VersionSettingXML>
    <GameVersion>1.0.5.0</GameVersion>
    <PatchInformations>
      <PatchInformationXML>
        <kind>築城即完了</kind>
        <Offset>00092E4D</Offset>
        <DefaultValue>8C</DefaultValue>
        <PatchValue>8D</PatchValue>
      </PatchInformationXML>
      <PatchInformationXML>
        <kind>築城場所制限</kind>
        <Offset>000EF4BE</Offset>
        <DefaultValue>3F</DefaultValue>
        <PatchValue>00</PatchValue>
      </PatchInformationXML>
      <PatchInformationXML>
        <kind>城数制限</kind>
        <Offset>0019D217</Offset>
        <DefaultValue>75</DefaultValue>
        <PatchValue>00</PatchValue>
      </PatchInformationXML>
    </PatchInformations>
  </VersionSettingXML>
</ArrayOfVersionSettingXML>