<?xml version="1.0" encoding="UTF-8"?><?xml-stylesheet type='text/xsl' href='_UpgradeReport_Files/UpgradeReport.xslt'?><UpgradeLog>
<Properties><Property Name="Solution" Value="Rippers">
</Property><Property Name="ソリューション ファイル" Value="C:\usr\koei\Tenshouki95\dllwrap\cd_ripping\C_Sharp_Ripper\Rippers\Rippers.sln">
</Property><Property Name="Date" Value="2015年4月6日">
</Property><Property Name="Time" Value="22:59">
</Property></Properties><Event ErrorLevel="0" Project="" Source="Rippers.sln" Description="ファイルは正常に C:\usr\koei\Tenshouki95\dllwrap\cd_ripping\C_Sharp_Ripper\Rippers\Backup\Rippers.sln としてバックアップされました。">
</Event><Event ErrorLevel="0" Project="Ripper" Source="Ripper\Ripper.csproj" Description="プロジェクト ファイルは正常に C:\usr\koei\Tenshouki95\dllwrap\cd_ripping\C_Sharp_Ripper\Rippers\Backup\Ripper\Ripper.csproj としてバックアップされました。">
</Event><Event ErrorLevel="0" Project="Ripper" Source="Ripper\Ripper.csproj.user" Description="プロジェクト ユーザー ファイルは正常に C:\usr\koei\Tenshouki95\dllwrap\cd_ripping\C_Sharp_Ripper\Rippers\Backup\Ripper\Ripper.csproj.user としてバックアップされました。">
</Event><Event ErrorLevel="0" Project="Ripper" Source="Ripper\AssemblyInfo.cs" Description="ファイルは正常に C:\usr\koei\Tenshouki95\dllwrap\cd_ripping\C_Sharp_Ripper\Rippers\Backup\Ripper\AssemblyInfo.cs としてバックアップされました。">
</Event><Event ErrorLevel="0" Project="Ripper" Source="Ripper\CDDrive.cs" Description="ファイルは正常に C:\usr\koei\Tenshouki95\dllwrap\cd_ripping\C_Sharp_Ripper\Rippers\Backup\Ripper\CDDrive.cs としてバックアップされました。">
</Event><Event ErrorLevel="0" Project="Ripper" Source="Ripper\CDDriveEvents.cs" Description="ファイルは正常に C:\usr\koei\Tenshouki95\dllwrap\cd_ripping\C_Sharp_Ripper\Rippers\Backup\Ripper\CDDriveEvents.cs としてバックアップされました。">
</Event><Event ErrorLevel="0" Project="Ripper" Source="Ripper\Win32Functions.cs" Description="ファイルは正常に C:\usr\koei\Tenshouki95\dllwrap\cd_ripping\C_Sharp_Ripper\Rippers\Backup\Ripper\Win32Functions.cs としてバックアップされました。">
</Event><Event ErrorLevel="0" Project="Ripper" Source="Ripper\Ripper.csproj" Description="プロジェクトは正常に変換されました。">
</Event><Event ErrorLevel="3" Project="Ripper" Source="Ripper\Ripper.csproj" Description="Converted">
</Event><Event ErrorLevel="0" Project="CDCopier" Source="CDCopier\CDCopier.csproj" Description="プロジェクト ファイルは正常に C:\usr\koei\Tenshouki95\dllwrap\cd_ripping\C_Sharp_Ripper\Rippers\Backup\CDCopier\CDCopier.csproj としてバックアップされました。">
</Event><Event ErrorLevel="0" Project="CDCopier" Source="CDCopier\CDCopier.csproj.user" Description="プロジェクト ユーザー ファイルは正常に C:\usr\koei\Tenshouki95\dllwrap\cd_ripping\C_Sharp_Ripper\Rippers\Backup\CDCopier\CDCopier.csproj.user としてバックアップされました。">
</Event><Event ErrorLevel="0" Project="CDCopier" Source="CDCopier\AssemblyInfo.cs" Description="ファイルは正常に C:\usr\koei\Tenshouki95\dllwrap\cd_ripping\C_Sharp_Ripper\Rippers\Backup\CDCopier\AssemblyInfo.cs としてバックアップされました。">
</Event><Event ErrorLevel="0" Project="CDCopier" Source="CDCopier\Form1.cs" Description="ファイルは正常に C:\usr\koei\Tenshouki95\dllwrap\cd_ripping\C_Sharp_Ripper\Rippers\Backup\CDCopier\Form1.cs としてバックアップされました。">
</Event><Event ErrorLevel="0" Project="CDCopier" Source="CDCopier\App.ico" Description="ファイルは正常に C:\usr\koei\Tenshouki95\dllwrap\cd_ripping\C_Sharp_Ripper\Rippers\Backup\CDCopier\App.ico としてバックアップされました。">
</Event><Event ErrorLevel="0" Project="CDCopier" Source="CDCopier\Form1.resx" Description="ファイルは正常に C:\usr\koei\Tenshouki95\dllwrap\cd_ripping\C_Sharp_Ripper\Rippers\Backup\CDCopier\Form1.resx としてバックアップされました。">
</Event><Event ErrorLevel="0" Project="CDCopier" Source="CDCopier\CDCopier.csproj" Description="プロジェクトは正常に変換されました。">
</Event><Event ErrorLevel="3" Project="CDCopier" Source="CDCopier\CDCopier.csproj" Description="Converted">
</Event><Event ErrorLevel="0" Project="yeti.mmedia" Source="yeti.mmedia\yeti.mmedia.csproj" Description="プロジェクト ファイルは正常に C:\usr\koei\Tenshouki95\dllwrap\cd_ripping\C_Sharp_Ripper\Rippers\Backup\yeti.mmedia\yeti.mmedia.csproj としてバックアップされました。">
</Event><Event ErrorLevel="0" Project="yeti.mmedia" Source="yeti.mmedia\yeti.mmedia.csproj.user" Description="プロジェクト ユーザー ファイルは正常に C:\usr\koei\Tenshouki95\dllwrap\cd_ripping\C_Sharp_Ripper\Rippers\Backup\yeti.mmedia\yeti.mmedia.csproj.user としてバックアップされました。">
</Event><Event ErrorLevel="0" Project="yeti.mmedia" Source="yeti.mmedia\AssemblyInfo.cs" Description="ファイルは正常に C:\usr\koei\Tenshouki95\dllwrap\cd_ripping\C_Sharp_Ripper\Rippers\Backup\yeti.mmedia\AssemblyInfo.cs としてバックアップされました。">
</Event><Event ErrorLevel="0" Project="yeti.mmedia" Source="yeti.mmedia\AudioWriters.cs" Description="ファイルは正常に C:\usr\koei\Tenshouki95\dllwrap\cd_ripping\C_Sharp_Ripper\Rippers\Backup\yeti.mmedia\AudioWriters.cs としてバックアップされました。">
</Event><Event ErrorLevel="0" Project="yeti.mmedia" Source="yeti.mmedia\EditWaveWriter.cs" Description="ファイルは正常に C:\usr\koei\Tenshouki95\dllwrap\cd_ripping\C_Sharp_Ripper\Rippers\Backup\yeti.mmedia\EditWaveWriter.cs としてバックアップされました。">
</Event><Event ErrorLevel="0" Project="yeti.mmedia" Source="yeti.mmedia\InFormatEdit.cs" Description="ファイルは正常に C:\usr\koei\Tenshouki95\dllwrap\cd_ripping\C_Sharp_Ripper\Rippers\Backup\yeti.mmedia\InFormatEdit.cs としてバックアップされました。">
</Event><Event ErrorLevel="0" Project="yeti.mmedia" Source="yeti.mmedia\NumericTextBox.cs" Description="ファイルは正常に C:\usr\koei\Tenshouki95\dllwrap\cd_ripping\C_Sharp_Ripper\Rippers\Backup\yeti.mmedia\NumericTextBox.cs としてバックアップされました。">
</Event><Event ErrorLevel="0" Project="yeti.mmedia" Source="yeti.mmedia\WaveNative.cs" Description="ファイルは正常に C:\usr\koei\Tenshouki95\dllwrap\cd_ripping\C_Sharp_Ripper\Rippers\Backup\yeti.mmedia\WaveNative.cs としてバックアップされました。">
</Event><Event ErrorLevel="0" Project="yeti.mmedia" Source="yeti.mmedia\WaveStream.cs" Description="ファイルは正常に C:\usr\koei\Tenshouki95\dllwrap\cd_ripping\C_Sharp_Ripper\Rippers\Backup\yeti.mmedia\WaveStream.cs としてバックアップされました。">
</Event><Event ErrorLevel="0" Project="yeti.mmedia" Source="yeti.mmedia\WaveWriter.cs" Description="ファイルは正常に C:\usr\koei\Tenshouki95\dllwrap\cd_ripping\C_Sharp_Ripper\Rippers\Backup\yeti.mmedia\WaveWriter.cs としてバックアップされました。">
</Event><Event ErrorLevel="0" Project="yeti.mmedia" Source="yeti.mmedia\Win32Functions.cs" Description="ファイルは正常に C:\usr\koei\Tenshouki95\dllwrap\cd_ripping\C_Sharp_Ripper\Rippers\Backup\yeti.mmedia\Win32Functions.cs としてバックアップされました。">
</Event><Event ErrorLevel="0" Project="yeti.mmedia" Source="yeti.mmedia\WriterConfig.cs" Description="ファイルは正常に C:\usr\koei\Tenshouki95\dllwrap\cd_ripping\C_Sharp_Ripper\Rippers\Backup\yeti.mmedia\WriterConfig.cs としてバックアップされました。">
</Event><Event ErrorLevel="0" Project="yeti.mmedia" Source="yeti.mmedia\EditWaveWriter.resx" Description="ファイルは正常に C:\usr\koei\Tenshouki95\dllwrap\cd_ripping\C_Sharp_Ripper\Rippers\Backup\yeti.mmedia\EditWaveWriter.resx としてバックアップされました。">
</Event><Event ErrorLevel="0" Project="yeti.mmedia" Source="yeti.mmedia\InFormatEdit.resx" Description="ファイルは正常に C:\usr\koei\Tenshouki95\dllwrap\cd_ripping\C_Sharp_Ripper\Rippers\Backup\yeti.mmedia\InFormatEdit.resx としてバックアップされました。">
</Event><Event ErrorLevel="0" Project="yeti.mmedia" Source="yeti.mmedia\NumericTextBox.resx" Description="ファイルは正常に C:\usr\koei\Tenshouki95\dllwrap\cd_ripping\C_Sharp_Ripper\Rippers\Backup\yeti.mmedia\NumericTextBox.resx としてバックアップされました。">
</Event><Event ErrorLevel="0" Project="yeti.mmedia" Source="yeti.mmedia\yeti.mmedia.csproj" Description="プロジェクトは正常に変換されました。">
</Event><Event ErrorLevel="3" Project="yeti.mmedia" Source="yeti.mmedia\yeti.mmedia.csproj" Description="Converted">
</Event><Event ErrorLevel="0" Project="" Source="Rippers.sln" Description="ソリューションは正常に変換されました">
</Event><Event ErrorLevel="3" Project="" Source="Rippers.sln" Description="Converted">
</Event><Event ErrorLevel="0" Project="Ripper" Source="Ripper\Ripper.csproj" Description="スキャンが完了しました: プロジェクト ファイルにアップグレードは必要ありません。">
</Event><Event ErrorLevel="0" Project="CDCopier" Source="CDCopier\CDCopier.csproj" Description="スキャンが完了しました: プロジェクト ファイルにアップグレードは必要ありません。">
</Event><Event ErrorLevel="0" Project="yeti.mmedia" Source="yeti.mmedia\yeti.mmedia.csproj" Description="スキャンが完了しました: プロジェクト ファイルにアップグレードは必要ありません。">
</Event></UpgradeLog>