<?xml version="1.0"?>
<ArrayOfFunction xmlns:xsi="http://www.w3.org/2001/XMLSchema-instance" xmlns:xsd="http://www.w3.org/2001/XMLSchema">
  <Function>
    <Kind>MENU</Kind>
    <Tabkind>武将</Tabkind>
    <Title>武将能力値</Title>
    <Tooltip />
    <Comment />
    <Filename />
    <ParentTitle />
  </Function>
  <Function>
    <Kind>BUTTON</Kind>
    <Tabkind>武将</Tabkind>
    <Title>経験値0</Title>
    <Tooltip>統率・武勇・知略・政治経験値を0にする</Tooltip>
    <Comment />
    <Filename>武将_EXP0</Filename>
    <ParentTitle>武将能力値</ParentTitle>
  </Function>
  <Function>
    <Kind>BUTTON</Kind>
    <Tabkind>武将</Tabkind>
    <Title>経験値1999</Title>
    <Tooltip>統率・武勇・知略・政治経験値を1999にする</Tooltip>
    <Comment />
    <Filename>武将_EXP1999</Filename>
    <ParentTitle>武将能力値</ParentTitle>
  </Function>
  <Function>
    <Kind>BUTTON</Kind>
    <Tabkind>武将</Tabkind>
    <Title>顔グラLLフラグON</Title>
    <Tooltip />
    <Comment />
    <Filename>武将_顔LL</Filename>
    <ParentTitle></ParentTitle>
  </Function>
  <Function>
    <Kind>MENU</Kind>
    <Tabkind>城</Tabkind>
    <Title>区画基礎ランク</Title>
    <Tooltip />
    <Comment />
    <Filename />
    <ParentTitle />
  </Function>
  <Function>
    <Kind>BUTTON</Kind>
    <Tabkind>城</Tabkind>
    <Title>F1( 0/17)</Title>
    <Tooltip />
    <Comment />
    <Filename>城_Base00</Filename>
    <ParentTitle>区画基礎ランク</ParentTitle>
  </Function>
  <Function>
    <Kind>BUTTON</Kind>
    <Tabkind>城</Tabkind>
    <Title>F3( 2/17)</Title>
    <Tooltip />
    <Comment />
    <Filename>城_Base02</Filename>
    <ParentTitle>区画基礎ランク</ParentTitle>
  </Function>
  <Function>
    <Kind>BUTTON</Kind>
    <Tabkind>城</Tabkind>
    <Title> E( 3/17)</Title>
    <Tooltip />
    <Comment />
    <Filename>城_Base03</Filename>
    <ParentTitle>区画基礎ランク</ParentTitle>
  </Function>
  <Function>
    <Kind>BUTTON</Kind>
    <Tabkind>城</Tabkind>
    <Title> D( 4/17</Title>
    <Tooltip />
    <Comment />
    <Filename>城_Base04</Filename>
    <ParentTitle>区画基礎ランク</ParentTitle>
  </Function>
  <Function>
    <Kind>BUTTON</Kind>
    <Tabkind>城</Tabkind>
    <Title > C( 5/17)</Title>
    <Tooltip />
    <Comment />
    <Filename>城_Base05</Filename>
    <ParentTitle>区画基礎ランク</ParentTitle>
  </Function>
  <Function>
    <Kind>BUTTON</Kind>
    <Tabkind>城</Tabkind>
    <Title>B3( 8/17)</Title>
    <Tooltip />
    <Comment />
    <Filename>城_Base08</Filename>
    <ParentTitle>区画基礎ランク</ParentTitle>
  </Function>
  <Function>
    <Kind>BUTTON</Kind>
    <Tabkind>城</Tabkind>
    <Title>A3(11/17)</Title>
    <Tooltip />
    <Comment />
    <Filename>城_Base11</Filename>
    <ParentTitle>区画基礎ランク</ParentTitle>
  </Function>
  <Function>
    <Kind>BUTTON</Kind>
    <Tabkind>城</Tabkind>
    <Title>S3(14/17)</Title>
    <Tooltip />
    <Comment />
    <Filename>城_Base14</Filename>
    <ParentTitle>区画基礎ランク</ParentTitle>
  </Function>
  <Function>
    <Kind>BUTTON</Kind>
    <Tabkind>城</Tabkind>
    <Title>S6(17/17)</Title>
    <Tooltip />
    <Comment />
    <Filename>城_Base17</Filename>
    <ParentTitle>区画基礎ランク</ParentTitle>
  </Function>
  <Function>
    <Kind>MENU</Kind>
    <Tabkind>城</Tabkind>
    <Title>耐久設定</Title>
    <Tooltip />
    <Comment />
    <Filename />
    <ParentTitle />
  </Function>
  <Function>
    <Kind>BUTTON</Kind>
    <Tabkind>城</Tabkind>
    <Title> 5000</Title>
    <Tooltip>耐久の現在地と最大値を変更する</Tooltip>
    <Comment />
    <Filename>城_耐久05000</Filename>
    <ParentTitle>耐久設定</ParentTitle>
  </Function>
  <Function>
    <Kind>BUTTON</Kind>
    <Tabkind>城</Tabkind>
    <Title>10000</Title>
    <Tooltip>耐久の現在地と最大値を変更する</Tooltip>
    <Comment />
    <Filename>城_耐久10000</Filename>
    <ParentTitle>耐久設定</ParentTitle>
  </Function>
  <Function>
    <Kind>BUTTON</Kind>
    <Tabkind>城</Tabkind>
    <Title>20000</Title>
    <Tooltip>耐久の現在地と最大値を変更する</Tooltip>
    <Comment />
    <Filename>城_耐久20000</Filename>
    <ParentTitle>耐久設定</ParentTitle>
  </Function>
  <Function>
    <Kind>BUTTON</Kind>
    <Tabkind>城</Tabkind>
    <Title>30000</Title>
    <Tooltip>耐久の現在地と最大値を変更する</Tooltip>
    <Comment />
    <Filename>城_耐久30000</Filename>
    <ParentTitle>耐久設定</ParentTitle>
  </Function>
  <Function>
    <Kind>BUTTON</Kind>
    <Tabkind>城</Tabkind>
    <Title>全区画隣接</Title>
    <Tooltip />
    <Comment />
    <Filename>城_全区画隣接</Filename>
    <ParentTitle />
  </Function>
  <Function>
    <Kind>BUTTON</Kind>
    <Tabkind>城</Tabkind>
    <Title>拡張可能</Title>
    <Tooltip>選択城の区画を拡張可能にする</Tooltip>
    <Comment />
    <Filename>城_拡張可能</Filename>
    <ParentTitle />
  </Function>
  <Function>
    <Kind>BUTTON</Kind>
    <Tabkind>城</Tabkind>
    <Title>建設可能</Title>
    <Tooltip>拡張済みの全区画に対し建設可能状態にする</Tooltip>
    <Comment />
    <Filename>城_建設可能</Filename>
    <ParentTitle></ParentTitle>
  </Function>
  <Function>
    <Kind>BUTTON</Kind>
    <Tabkind>城</Tabkind>
    <Title>接続街道発見＆整備MAX</Title>
    <Tooltip>選択城の接続未発見街道を発見＆接続街道の整備レベル最大化</Tooltip>
    <Comment />
    <Filename>城_接続街道発見＆整備MAX</Filename>
    <ParentTitle></ParentTitle>
  </Function>
  <Function>
    <Kind>BUTTON</Kind>
    <Tabkind>城</Tabkind>
    <Title>城郭変更</Title>
    <Tooltip>選択城の城郭を変更する(本城は○層天守+枡形門+○の丸、支城は人口重視)</Tooltip>
    <Comment />
    <Filename>城_城郭変更</Filename>
    <ParentTitle></ParentTitle>
  </Function>
  <Function>
    <Kind>BUTTON</Kind>
    <Tabkind>勢力</Tabkind>
    <Title>全勢力信用100</Title>
    <Tooltip />
    <Comment />
    <Filename>勢力_全勢力信用100</Filename>
    <ParentTitle></ParentTitle>
  </Function>
  <Function>
    <Kind>MENU</Kind>
    <Tabkind>街道</Tabkind>
    <Title>整備レベル</Title>
    <Tooltip />
    <Comment />
    <Filename />
    <ParentTitle />
  </Function>
  <Function>
    <Kind>BUTTON</Kind>
    <Tabkind>街道</Tabkind>
    <Title>最大にする</Title>
    <Tooltip />
    <Comment />
    <Filename>街道_整備MAX</Filename>
    <ParentTitle>整備レベル</ParentTitle>
  </Function>
  <Function>
    <Kind>BUTTON</Kind>
    <Tabkind>街道</Tabkind>
    <Title>最小(1)にする</Title>
    <Tooltip />
    <Comment />
    <Filename>街道_整備MIN</Filename>
    <ParentTitle>整備レベル</ParentTitle>
  </Function>
  <Function>
    <Kind>BUTTON</Kind>
    <Tabkind>街道</Tabkind>
    <Title>街道を発見済みにする</Title>
    <Tooltip>ゲーム内の表示にはセーブ＆ロードが必要？</Tooltip>
    <Comment />
    <Filename>街道_発見</Filename>
    <ParentTitle />
  </Function>
  <Function>
    <Kind>MENU</Kind>
    <Tabkind>要所</Tabkind>
    <Title>接続街道</Title>
    <Tooltip />
    <Comment />
    <Filename />
    <ParentTitle />
  </Function>
  <Function>
    <Kind>BUTTON</Kind>
    <Tabkind>要所</Tabkind>
    <Title>整備LV最大</Title>
    <Tooltip>要所に接続している街道の整備レベルを最大にする</Tooltip>
    <Comment />
    <Filename>要所_接続街道整備MAX</Filename>
    <ParentTitle>接続街道</ParentTitle>
  </Function>
  <Function>
    <Kind>BUTTON</Kind>
    <Tabkind>要所</Tabkind>
    <Title>整備LV最小</Title>
    <Tooltip>要所に接続している街道の整備レベルを最小(1)にする</Tooltip>
    <Comment />
    <Filename>要所_接続街道整備MIN</Filename>
    <ParentTitle>接続街道</ParentTitle>
  </Function>
  <Function>
    <Kind>BUTTON</Kind>
    <Tabkind>要所</Tabkind>
    <Title>街道発見</Title>
    <Tooltip>要所に接続している未発見の街道を発見済みにする</Tooltip>
    <Comment />
    <Filename>要所_接続街道発見</Filename>
    <ParentTitle>接続街道</ParentTitle>
  </Function>
  <Function>
    <Kind>BUTTON</Kind>
    <Tabkind>部隊</Tabkind>
    <Title>兵回復＆兵糧最大</Title>
    <Tooltip>兵を最大値まで回復し腰兵糧を255日にする</Tooltip>
    <Comment />
    <Filename>部隊_超回復</Filename>
    <ParentTitle />
  </Function>
  <Function>
    <Kind>BUTTON</Kind>
    <Tabkind>Param</Tabkind>
    <Title>初期値に戻す</Title>
    <Tooltip>選択中のパラメータを初期値に戻す</Tooltip>
    <Comment>選択中のパラメータを初期値に戻す</Comment>
    <Filename>Param_初期化</Filename>
    <ParentTitle />
  </Function>
  <Function>
    <Kind>MENU</Kind>
    <Tabkind>Param</Tabkind>
    <Title>直轄範囲</Title>
    <Tooltip />
    <Comment />
    <Filename />
    <ParentTitle />
  </Function>
  <Function>
    <Kind>BUTTON</Kind>
    <Tabkind>Param</Tabkind>
    <Title>全直轄</Title>
    <Tooltip />
    <Comment />
    <Filename>Param_直轄範囲全</Filename>
    <ParentTitle>直轄範囲</ParentTitle>
  </Function>
  <Function>
    <Kind>BUTTON</Kind>
    <Tabkind>Param</Tabkind>
    <Title>初期値に戻す</Title>
    <Tooltip />
    <Comment />
    <Filename>Param_直轄範囲初期化</Filename>
    <ParentTitle>直轄範囲</ParentTitle>
  </Function>
</ArrayOfFunction>
